[
    {
        "id": 1,
        "title": "Crie um Orçamento",
        "content": "Monitorar suas receitas e despesas é fundamental para uma boa saúde financeira."
    },
    {
        "id": 2,
        "title": "Evite Gastos Supérfluos",
        "content": "Avalie seus gastos e elimine ou reduza despesas desnecessárias."
    },
    {
        "id": 3,
        "title": "Pague Suas Dívidas",
        "content": "Dê prioridade ao pagamento de dívidas com juros altos."
    },
    {
        "id": 4,
        "title": "Economize Energia",
        "content": "Adote práticas de economia de energia em casa."
    },
    {
        "id": 5,
        "title": "Compre de Forma Inteligente",
        "content": "Pesquise preços e utilize cupons de desconto antes de fazer compras."
    }
]
